{
  "convergence_history": [
    21.146746408557668,
    0.0
  ],
  "fitness_history": [
    1334.7202396535483,
    1334.7202396535483,
    1334.7202396535483,
    1334.7202396535483,
    1334.7202396535483,
    1334.7202396535483,
    1334.7202396535483,
    1334.7202396535483,
    1334.7202396535483,
    1334.7202396535483,
    1334.7202396535483,
    1334.7202396535483,
    1334.7202396535483,
    1334.7202396535483,
    1334.7202396535483,
    1334.7202396535483,
    1334.7202396535483,
    1334.7202396535483,
    1334.7202396535483,
    1334.7202396535483,
    1334.7202396535483,
    1334.7202396535483,
    1334.7202396535483,
    1334.7202396535483,
    1334.7202396535483,
    1334.7202396535483,
    1334.7202396535483,
    1334.7202396535483,
    1334.7202396535483,
    1334.7202396535483,
    1334.7202396535483,
    1334.7202396535483,
    1334.7202396535483,
    1334.7202396535483,
    1334.7202396535483,
    1334.7202396535483,
    1334.7202396535483,
    1334.7202396535483,
    1334.7202396535483,
    1334.7202396535483,
    1334.7202396535483,
    1334.7202396535483,
    1334.7202396535483,
    1334.7202396535483,
    1334.7202396535483,
    1334.7202396535483,
    1334.7202396535483,
    1334.7202396535483,
    1334.7202396535483,
    1334.7202396535483,
    0.0,
    0.0,
    0.0,
    0.0,
    0.0,
    0.0,
    0.0,
    0.0,
    0.0,
    0.0,
    0.0,
    0.0,
    0.0,
    0.0,
    0.0,
    0.0,
    0.0,
    0.0,
    0.0,
    0.0,
    0.0,
    0.0,
    0.0,
    0.0,
    0.0,
    0.0,
    0.0,
    0.0,
    0.0,
    0.0,
    0.0,
    0.0,
    0.0,
    0.0,
    0.0,
    0.0,
    0.0,
    0.0,
    0.0,
    0.0,
    0.0,
    0.0,
    0.0,
    0.0,
    0.0,
    0.0,
    0.0,
    0.0,
    0.0,
    0.0
  ]
}