{
  "weights": [
    0.336080080028528,
    0.3333077960250216,
    0.33061212394645045
  ],
  "site_ids": [
    1,
    2,
    3
  ]
}