{
  "convergence_history": [
    21.146746408557668,
    0.0
  ],
  "fitness_history": [
    1334.720239653548,
    1334.720239653548,
    1334.720239653548,
    1334.720239653548,
    1334.720239653548,
    1334.720239653548,
    1334.720239653548,
    1334.720239653548,
    1334.720239653548,
    1334.720239653548,
    1334.720239653548,
    1334.720239653548,
    1334.720239653548,
    1334.720239653548,
    1334.720239653548,
    1334.720239653548,
    1334.720239653548,
    1334.720239653548,
    1334.720239653548,
    1334.720239653548,
    1334.720239653548,
    1334.720239653548,
    1334.720239653548,
    1334.720239653548,
    1334.720239653548,
    1334.720239653548,
    1334.720239653548,
    1334.720239653548,
    1334.720239653548,
    1334.720239653548,
    1334.720239653548,
    1334.720239653548,
    1334.720239653548,
    1334.720239653548,
    1334.720239653548,
    1334.720239653548,
    1334.720239653548,
    1334.720239653548,
    1334.720239653548,
    1334.720239653548,
    1334.720239653548,
    1334.720239653548,
    1334.720239653548,
    1334.720239653548,
    1334.720239653548,
    1334.720239653548,
    1334.720239653548,
    1334.720239653548,
    1334.720239653548,
    1334.720239653548,
    0.0,
    0.0,
    0.0,
    0.0,
    0.0,
    0.0,
    0.0,
    0.0,
    0.0,
    0.0,
    0.0,
    0.0,
    0.0,
    0.0,
    0.0,
    0.0,
    0.0,
    0.0,
    0.0,
    0.0,
    0.0,
    0.0,
    0.0,
    0.0,
    0.0,
    0.0,
    0.0,
    0.0,
    0.0,
    0.0,
    0.0,
    0.0,
    0.0,
    0.0,
    0.0,
    0.0,
    0.0,
    0.0,
    0.0,
    0.0,
    0.0,
    0.0,
    0.0,
    0.0,
    0.0,
    0.0,
    0.0,
    0.0,
    0.0,
    0.0
  ]
}