{
  "institution_labels": [
    1,
    2,
    0
  ],
  "similarity_matrix": [
    [
      1.0,
      0.1486545683526969,
      0.14828217324896914
    ],
    [
      0.1486545683526969,
      1.0,
      0.1479868168969279
    ],
    [
      0.14828217324896914,
      0.1479868168969279,
      1.0
    ]
  ]
}