{
  "timestamp": "20251028_003554",
  "n_clusters": 100,
  "n_features": 47,
  "n_sites": 3,
  "n_iterations": 2,
  "converged": true,
  "site_info": {
    "1": {
      "n_samples": 6974,
      "inertia": 201773.91901281197
    },
    "2": {
      "n_samples": 6973,
      "inertia": 201823.17157216725
    },
    "3": {
      "n_samples": 6973,
      "inertia": 201078.81110623066
    }
  }
}