{
  "weights": [
    0.336080080028528,
    0.33330779602502164,
    0.33061212394645034
  ],
  "site_ids": [
    1,
    2,
    3
  ]
}