{
  "target_variable": "died_in_hosp",
  "top_features": [
    {
      "feature": "Chloride",
      "importance": 1.0
    }
  ],
  "metrics": {
    "roc_auc": 0.5214239348887141,
    "classification_report": {
      "0": {
        "precision": 0.8596491228070176,
        "recall": 0.9908998988877654,
        "f1-score": 0.9206200093940817,
        "support": 1978.0
      },
      "1": {
        "precision": 0.18181818181818182,
        "recall": 0.012345679012345678,
        "f1-score": 0.023121387283236993,
        "support": 324.0
      },
      "accuracy": 0.8531711555169418,
      "macro avg": {
        "precision": 0.5207336523125997,
        "recall": 0.5016227889500555,
        "f1-score": 0.47187069833865936,
        "support": 2302.0
      },
      "weighted avg": {
        "precision": 0.7642463318077202,
        "recall": 0.8531711555169418,
        "f1-score": 0.7942996125374728,
        "support": 2302.0
      }
    },
    "confusion_matrix": [
      [
        1960,
        18
      ],
      [
        320,
        4
      ]
    ]
  },
  "bfo_parameters": {
    "N": 20,
    "NbrDiv": 4,
    "T": 50,
    "c": 0.6,
    "Ped": 0.2,
    "thres_ub": 0.9,
    "thres_lb": 0.4
  },
  "fitness_curve": [
    0.14129179927709715,
    0.14129179927709715,
    0.14129179927709715,
    0.13756556353565227,
    0.13756556353565227,
    0.13756556353565227,
    0.13756556353565227,
    0.13756556353565227,
    0.13756556353565227,
    0.13756556353565227,
    0.13756556353565227,
    0.13756556353565227,
    0.13756556353565227,
    0.13756556353565227,
    0.13756556353565227,
    0.13756556353565227,
    0.13756556353565227,
    0.13756556353565227,
    0.13756556353565227,
    0.13756556353565227,
    0.13756556353565227,
    0.13756556353565227,
    0.13756556353565227,
    0.13756556353565227,
    0.13756556353565227,
    0.13756556353565227,
    0.13756556353565227,
    0.13756556353565227,
    0.13756556353565227,
    0.13756556353565227,
    0.13756556353565227,
    0.13756556353565227,
    0.13756556353565227,
    0.13756556353565227,
    0.13756556353565227,
    0.13756556353565227,
    0.13756556353565227,
    0.13756556353565227,
    0.13756556353565227,
    0.13756556353565227,
    0.13756556353565227,
    0.13756556353565227,
    0.13756556353565227,
    0.13756556353565227,
    0.13756556353565227,
    0.13756556353565227,
    0.13756556353565227,
    0.13756556353565227,
    0.13756556353565227,
    0.13756556353565227,
    0.13756556353565227
  ],
  "selected_feature_count": 1
}