{
  "convergence_history": [
    19.079557742049445,
    0.0
  ],
  "fitness_history": [
    906.1257340944624,
    906.1257340944624,
    906.1257340944624,
    906.1257340944624,
    906.1257340944624,
    882.1646247106412,
    834.0344794956746,
    790.9106927872544,
    758.3823608026139,
    734.4345624382366,
    717.3448030033986,
    704.0199164814985,
    694.6513379988766,
    686.9629918752079,
    675.4948937469063,
    665.10179053995,
    657.3639181648684,
    651.679007984858,
    647.6928151032882,
    644.7526359515339,
    642.5723598574252,
    640.9166183034488,
    640.4845848984356,
    639.769737243459,
    639.1046190957984,
    638.6157115030854,
    638.1545108234759,
    637.8258115613903,
    637.7394336296384,
    637.604080973744,
    637.4425580348347,
    637.3515917794787,
    637.2555938834993,
    637.195700788522,
    637.1446651400004,
    637.1075966747161,
    637.0913531255835,
    637.0636538276949,
    636.9795269704323,
    636.8068288641476,
    636.6434827821618,
    636.6004711901396,
    636.5305372786635,
    636.4595335816415,
    636.4089790889378,
    636.364934126604,
    636.3240855164306,
    636.3130837203964,
    636.3098959324177,
    636.308949743599,
    0.0,
    0.0,
    0.0,
    0.0,
    0.0,
    0.0,
    0.0,
    0.0,
    0.0,
    0.0,
    0.0,
    0.0,
    0.0,
    0.0,
    0.0,
    0.0,
    0.0,
    0.0,
    0.0,
    0.0,
    0.0,
    0.0,
    0.0,
    0.0,
    0.0,
    0.0,
    0.0,
    0.0,
    0.0,
    0.0,
    0.0,
    0.0,
    0.0,
    0.0,
    0.0,
    0.0,
    0.0,
    0.0,
    0.0,
    0.0,
    0.0,
    0.0,
    0.0,
    0.0,
    0.0,
    0.0,
    0.0,
    0.0,
    0.0,
    0.0
  ]
}