{
  "institution_labels": [
    2,
    1,
    0
  ],
  "similarity_matrix": [
    [
      1.0,
      0.14792467548338767,
      0.14477803041977527
    ],
    [
      0.14792467548338767,
      1.0,
      0.1454545525870115
    ],
    [
      0.14477803041977527,
      0.1454545525870115,
      1.0
    ]
  ]
}