{
  "institution_labels": [
    2,
    1,
    0
  ],
  "similarity_matrix": [
    [
      1.0,
      0.14919642343011372,
      0.14728538479632838
    ],
    [
      0.14919642343011372,
      1.0,
      0.14727662270538053
    ],
    [
      0.14728538479632838,
      0.14727662270538053,
      1.0
    ]
  ]
}