{
  "convergence_history": [
    32.98446699816137,
    0.0
  ],
  "fitness_history": [
    1361.4559904721668,
    1361.4559904721668,
    1361.4559904721668,
    1361.4559904721668,
    1361.4559904721668,
    1361.4559904721668,
    1361.4559904721668,
    1361.4559904721668,
    1361.4559904721668,
    1361.4559904721668,
    1361.4559904721668,
    1361.4559904721668,
    1361.4559904721668,
    1361.4559904721668,
    1361.4559904721668,
    1361.4559904721668,
    1361.4559904721668,
    1361.4559904721668,
    1361.4559904721668,
    1361.4559904721668,
    1361.4559904721668,
    1361.4559904721668,
    1361.4559904721668,
    1361.4559904721668,
    1361.4559904721668,
    1361.4559904721668,
    1361.4559904721668,
    1361.4559904721668,
    1361.4559904721668,
    1361.4559904721668,
    1361.4559904721668,
    1361.4559904721668,
    1361.4559904721668,
    1361.4559904721668,
    1361.4559904721668,
    1361.4559904721668,
    1361.4559904721668,
    1361.4559904721668,
    1361.4559904721668,
    1361.4559904721668,
    1361.4559904721668,
    1361.4559904721668,
    1361.4559904721668,
    1361.4559904721668,
    1361.4559904721668,
    1361.4559904721668,
    1361.4559904721668,
    1361.4559904721668,
    1361.4559904721668,
    1361.4559904721668,
    0.0,
    0.0,
    0.0,
    0.0,
    0.0,
    0.0,
    0.0,
    0.0,
    0.0,
    0.0,
    0.0,
    0.0,
    0.0,
    0.0,
    0.0,
    0.0,
    0.0,
    0.0,
    0.0,
    0.0,
    0.0,
    0.0,
    0.0,
    0.0,
    0.0,
    0.0,
    0.0,
    0.0,
    0.0,
    0.0,
    0.0,
    0.0,
    0.0,
    0.0,
    0.0,
    0.0,
    0.0,
    0.0,
    0.0,
    0.0,
    0.0,
    0.0,
    0.0,
    0.0,
    0.0,
    0.0,
    0.0,
    0.0,
    0.0,
    0.0
  ]
}