{
  "weights": [
    0.3372755321411106,
    0.3471558625135684,
    0.3155686053453211
  ],
  "site_ids": [
    1,
    2,
    3
  ]
}