{
  "convergence_history": [
    27.976800178863922,
    0.0
  ],
  "fitness_history": [
    2289.3659758183467,
    2289.3659758183467,
    2289.3659758183467,
    1976.2059725416157,
    1976.2059725416157,
    1976.2059725416157,
    1976.2059725416157,
    1976.2059725416157,
    1976.2059725416157,
    1976.2059725416157,
    1976.2059725416157,
    1976.2059725416157,
    1976.2059725416157,
    1976.2059725416157,
    1976.2059725416157,
    1976.2059725416157,
    1976.2059725416157,
    1976.2059725416157,
    1976.2059725416157,
    1976.2059725416157,
    1976.2059725416157,
    1976.2059725416157,
    1976.2059725416157,
    1976.2059725416157,
    1976.2059725416157,
    1976.2059725416157,
    1976.2059725416157,
    1976.2059725416157,
    1976.2059725416157,
    1976.2059725416157,
    1976.2059725416157,
    1976.2059725416157,
    1959.9260934039148,
    1959.9260934039148,
    1959.9260934039148,
    1959.9260934039148,
    1955.2802099112125,
    1955.2802099112125,
    1955.2802099112125,
    1955.2802099112125,
    1950.8270309838883,
    1947.8033288473355,
    1947.8033288473355,
    1947.8033288473355,
    1947.8033288473355,
    1947.8033288473355,
    1945.5359647221403,
    1944.5226863845226,
    1944.5226863845226,
    1944.5226863845226,
    0.0,
    0.0,
    0.0,
    0.0,
    0.0,
    0.0,
    0.0,
    0.0,
    0.0,
    0.0,
    0.0,
    0.0,
    0.0,
    0.0,
    0.0,
    0.0,
    0.0,
    0.0,
    0.0,
    0.0,
    0.0,
    0.0,
    0.0,
    0.0,
    0.0,
    0.0,
    0.0,
    0.0,
    0.0,
    0.0,
    0.0,
    0.0,
    0.0,
    0.0,
    0.0,
    0.0,
    0.0,
    0.0,
    0.0,
    0.0,
    0.0,
    0.0,
    0.0,
    0.0,
    0.0,
    0.0,
    0.0,
    0.0,
    0.0,
    0.0
  ]
}