{
  "weights": [
    0.3333632998838253,
    0.3328745309974895,
    0.3337621691186853
  ],
  "site_ids": [
    1,
    2,
    3
  ]
}