{
  "convergence_history": [
    26.089381645773642,
    0.0
  ],
  "fitness_history": [
    1361.4559904721666,
    1361.4559904721666,
    1361.4559904721666,
    1312.2264908312457,
    1200.3039188197545,
    1120.6616323979904,
    1077.8908243525377,
    1059.0261976963893,
    1050.3880328780779,
    1050.3880328780779,
    1050.3880328780779,
    1050.3880328780779,
    1046.4206255928675,
    1042.7334242283355,
    1036.1890152798942,
    1030.7672495462627,
    1027.1437672066095,
    1024.6824170731238,
    1022.6549373119229,
    1021.2445872267682,
    1020.3204108989112,
    1019.6566629851286,
    1019.0960521102013,
    1018.7252829581269,
    1018.411573100406,
    1018.1795932645009,
    1018.023647218942,
    1017.9198629492191,
    1017.8498491618758,
    1017.8021307594522,
    1017.7693605896268,
    1017.7467314995658,
    1017.7310430506436,
    1017.7201355743169,
    1017.7125368154684,
    1017.6621493077607,
    1017.6171438345602,
    1017.586002639579,
    1017.5560163998998,
    1017.4931901849222,
    1017.4496167617183,
    1017.4193137798429,
    1017.39819891557,
    1017.3834661498686,
    1017.3731765571297,
    1017.3659852804058,
    1017.3609569914137,
    1017.3574399354297,
    1017.3549793419329,
    1017.3532575858742,
    0.0,
    0.0,
    0.0,
    0.0,
    0.0,
    0.0,
    0.0,
    0.0,
    0.0,
    0.0,
    0.0,
    0.0,
    0.0,
    0.0,
    0.0,
    0.0,
    0.0,
    0.0,
    0.0,
    0.0,
    0.0,
    0.0,
    0.0,
    0.0,
    0.0,
    0.0,
    0.0,
    0.0,
    0.0,
    0.0,
    0.0,
    0.0,
    0.0,
    0.0,
    0.0,
    0.0,
    0.0,
    0.0,
    0.0,
    0.0,
    0.0,
    0.0,
    0.0,
    0.0,
    0.0,
    0.0,
    0.0,
    0.0,
    0.0,
    0.0
  ]
}